ID,School Code,Age,Gender,S1Credits,S1GPA,S2Credits,S2GPA
545,9,22,f,16,3.13,16,2.89
837,1,21,m,17,1.97,16,1.48
417,5,22,m,17,3.68,15,3.06
268,5,23,m,15,3.59,16,2.98
729,5,22,f,17,2.31,15,2.21
936,9,22,f,18,2.83,16,3.51
402,13,23,m,16,3.9,17,3.76
735,10,22,f,18,2.2,17,2.15
902,7,23,f,16,3.75,16,3.41
126,7,22,m,16,1.86,16,1.95
684,1,22,m,16,2.51,17,2.6
526,14,22,m,16,3.39,16,3.1
418,8,22,m,16,2.94,16,3.45
617,21,22,m,15,3.51,16,3
745,2,22,f,16,3.34,17,2.91
866,19,22,f,16,2.48,12,2.37
157,17,22,f,16,2.42,16,2.6
404,4,22,m,15,2.46,13,2.26
433,10,21,m,10,3.6,12,3.08
257,15,23,f,15,2.54,17,2.79
308,22,22,f,16,1.38,12,0.53
772,17,23,m,16,1.28,15,1.46
136,7,22,m,17,3.91,17,3.72
469,14,22,m,15,2.35,17,2.18
427,16,20,f,16,3.76,15,3.49
214,17,22,f,13,1.64,17,1.91
841,22,24,f,17,3.14,16,3.2
646,2,22,f,17,2.78,17,2.9
582,16,22,m,16,3.93,17,3.72
775,22,22,m,17,2.59,16,2.16
309,16,22,f,17,1.59,16,1.6
888,16,22,f,17,3.37,9,3.14
959,4,22,m,16,2.27,17,2.38
191,13,22,f,16,1.29,16,1.34
991,13,22,f,16,2.34,16,2.76
820,7,22,f,16,2.4,17,2.39
685,9,22,m,16,2.33,18,2.42
388,14,22,m,15,3.05,17,2.65
350,14,22,m,15,3.49,16,3.49
226,1,22,m,17,3.81,16,3.9
224,21,22,f,14,3.43,16,3.71
498,6,22,f,16,2.78,15,2.58
640,20,22,f,17,2.73,16,1.5
571,2,22,f,12,2.66,16,3.01
375,20,22,f,18,2.65,13,2.99
555,8,21,m,15,3.71,16,3.45
208,5,22,f,16,2.41,15,2.54
788,8,22,f,16,0.55,15,1.14
810,19,22,m,17,2.79,17,2.73
758,20,22,m,16,2.87,16,3.13
693,12,22,f,16,2,18,1.45
454,1,22,m,16,2.57,11,2.94
517,9,22,m,16,1.8,17,1.86
623,23,21,f,17,2.83,17,2.86
638,6,21,m,16,2.22,15,2.09
705,10,22,f,16,3.43,16,3.86
956,16,23,m,16,3.05,16,3.21
954,13,22,f,16,2.57,16,2.76
697,6,23,f,17,2.96,17,2.31
169,9,22,m,16,2.64,17,2.51
631,7,23,m,16,3.3,17,3.82
871,12,22,m,16,3.09,16,3.43
246,4,23,m,17,2.42,17,2.26
423,10,22,m,17,2.86,16,3.2
533,21,22,f,17,2.4,12,2.43
718,9,22,m,17,1.8,16,1.42
557,9,24,f,18,2.59,17,2.76
347,22,22,f,18,3.56,17,3.03
104,15,22,m,16,2.88,16,3.83
549,8,22,m,18,2,15,2.34
782,22,23,m,16,3.74,16,3.18
923,7,22,m,15,2.06,17,1.85
864,10,22,m,15,2.82,16,2.22
409,19,22,m,16,3.12,15,2.97
326,15,23,f,15,0.96,16,1.19
789,21,22,m,16,2.98,17,3.25
497,21,22,m,15,2.75,17,2.82
749,8,22,f,16,2.99,17,2.17
357,17,22,f,15,2.26,17,1.91
603,13,22,f,17,2.36,14,1.55
209,19,22,m,17,3.66,15,3.01
676,11,22,m,16,2.09,17,2.08
613,10,22,m,15,1.5,15,1.69
196,8,25,f,16,3.26,11,2.98
298,6,23,f,15,2.95,15,3.13
439,21,22,m,16,0.7,16,1.57
203,21,22,m,17,3.25,16,2.43
746,8,21,m,16,3.03,17,2.91
854,9,22,f,16,1.3,17,0.87
560,17,23,m,17,1.93,16,2.13
192,8,22,m,17,2.42,17,2.19
561,20,21,f,12,3.01,17,3.14
802,1,23,m,18,2.75,13,2.81
534,22,22,m,17,1.42,16,1.95
300,20,23,f,17,2.44,13,2.62
198,18,21,m,16,2.14,15,2.71
356,13,22,f,11,1.66,17,1.58
441,8,22,m,17,2.46,17,2.99
822,23,23,f,16,3.25,17,3.15
207,1,21,m,16,2.47,17,2.49
511,19,22,f,17,3.65,17,2.75
678,13,21,m,16,2.47,15,1.87
944,9,22,f,16,2.43,15,1.69
432,10,22,f,16,1.12,17,1.66
584,5,22,f,15,3.24,18,3.58
835,6,21,f,15,3.58,15,3.28
515,17,21,f,16,2.47,16,2.39
938,12,22,f,17,3,14,3.15
762,18,22,m,15,2.07,15,2.77
776,6,20,f,16,2.7,15,3.09
618,23,22,f,17,0.92,17,0.63
178,20,22,f,17,3,18,2.73
913,11,22,f,15,2.78,16,2.63
193,3,21,m,10,3.42,15,3.01
546,5,21,f,16,2.14,16,2.21
761,22,22,m,17,3.2,16,2.66
429,18,23,m,17,3.17,16,2.32
537,5,22,m,15,1.46,17,1.37
516,13,22,f,18,1.99,15,0.95
898,20,23,m,16,2.27,16,1.95
116,6,22,m,17,3.18,15,2.49
695,5,22,m,16,3.53,9,3.57
262,15,22,m,16,3.05,16,3.39
607,8,22,m,15,1.67,16,1.51
690,7,22,m,16,2.89,17,2.81
244,5,22,m,16,1.95,16,2.28
340,17,22,f,12,2.6,16,2.27
490,19,22,f,14,2.51,12,2.57
783,23,21,f,17,2.32,15,1.81
725,11,22,m,16,2.22,12,2.77
806,5,22,m,17,2.46,12,3.13
862,17,22,f,12,2.44,16,2.95
664,10,23,f,16,1.16,16,1.02
253,15,22,f,16,3.32,16,3.91
293,20,22,f,16,2.98,15,1.96
847,18,22,f,10,3.46,15,3
565,3,21,f,16,2.09,16,1.8
568,9,22,f,13,2.31,15,1.58
823,9,22,f,15,1.52,17,1.16
703,13,22,m,16,3.03,16,2.75
737,22,22,f,17,3.01,17,2.63
793,6,22,f,17,2.62,16,3.21
579,23,23,m,17,3.28,16,2.79
160,15,21,m,17,2.77,15,2.75
894,22,21,m,14,2.26,17,2.64
576,19,22,f,17,2.86,16,3.39
484,10,23,m,17,2.49,16,2.44
732,22,22,m,16,2.73,17,3.03
831,10,23,m,13,2.37,17,2.9
890,22,21,f,16,1.88,16,2.03
235,18,22,f,17,1.51,12,1.75
899,20,22,f,16,2.97,16,3.17
748,1,23,m,17,3.64,16,3.76
846,23,22,m,16,3.7,14,2.73
933,15,22,m,16,2.57,15,3.58
259,16,22,f,17,2.34,12,3.13
237,8,22,f,17,2.76,16,2.64
970,19,21,m,16,3.31,17,3.67
910,21,23,f,17,3.31,14,3.3
539,12,22,f,17,1.55,14,2.29
459,1,21,m,16,2.29,13,2.63
529,10,22,f,16,2.78,16,2.83
976,15,23,m,15,3.07,13,3.14
528,4,22,m,16,2.27,17,2.59
581,18,22,f,16,3.32,18,2.18
384,13,23,m,16,2.84,15,3.06
530,2,22,m,17,2.86,17,3.43
586,8,21,f,17,2.38,16,2.64
176,21,22,f,16,2.41,17,3.27
159,10,22,m,15,2.65,16,2.2
492,10,22,m,13,2.54,16,2.63
284,14,22,f,16,2.86,16,2.69
181,9,22,m,17,3.32,12,2.38
578,22,21,f,17,3.37,16,3.63
229,22,21,m,16,1.44,16,1.85
743,20,22,m,16,2.88,15,3.02
504,16,22,f,16,1.09,12,0.96
948,17,22,f,16,3.06,16,2.58
647,12,22,m,16,2.56,17,2.79
987,7,22,m,12,2.72,16,2.53
803,3,22,f,16,2.86,16,3.37
552,8,22,m,16,3.28,16,2.57
807,19,22,m,15,3.8,17,3.89
505,21,22,f,14,3.83,16,3.11
912,2,22,f,15,2.2,16,1.74
407,21,21,m,16,3.26,11,2.78
700,4,23,f,17,2.5,17,2.17
219,17,22,f,12,3.51,15,3.99
961,14,22,m,17,1.99,16,1.82
444,23,22,f,16,2.86,17,2.99
123,7,22,f,15,0.85,15,1.03
312,6,22,f,10,3.08,16,3.15
752,8,22,m,17,1.76,17,1.95
480,5,21,f,9,3.12,15,3.34
395,16,23,f,16,2.17,15,3.19
142,3,22,m,17,2.26,16,1.89
305,2,22,m,16,1.99,16,1.35
934,10,22,f,12,3.58,11,3.71
446,18,22,m,16,2.89,15,2.47
919,7,22,m,17,3.54,17,3.71
368,13,22,f,15,3.48,15,2.73
195,9,21,f,16,3.53,17,2.66
435,19,23,m,15,1.14,16,0.62
779,12,22,f,18,3.59,18,3.61
575,9,22,f,17,2.03,17,2.3
248,6,22,m,15,3.37,16,3.5
764,1,22,f,16,3.63,16,3.08
852,6,23,f,14,3.49,15,3.71
980,8,23,f,17,3.03,16,2.98
804,2,22,f,15,3.6,12,3.53
922,8,22,m,17,2.68,15,2.79
569,12,23,m,13,2.43,12,3.09
616,7,22,m,17,2.57,17,2.3
713,9,22,f,17,3.32,15,2.72
714,17,21,m,16,2.55,12,1.81
329,23,23,f,16,2.68,16,3.04
403,2,22,f,16,3.64,17,3.74
935,3,22,f,16,2.08,17,1.97
211,11,22,m,17,2.71,11,2.03
900,8,22,f,17,3.13,16,3.01
706,1,22,m,15,3.38,17,3.52
689,11,22,m,16,1.6,17,1.6
990,3,22,m,12,3.06,17,2.32
722,19,22,f,16,2.41,16,1.96
670,20,21,m,16,3.03,17,2.94
411,14,22,m,15,1.79,16,1.52
349,16,22,f,16,2.44,16,2.72
654,4,22,f,17,2.61,15,1.99
655,3,22,m,16,2.08,16,1.9
282,6,22,f,17,2.47,16,2.2
998,17,23,m,13,3.42,17,3.19
909,2,22,f,16,1.79,9,2.1
877,14,22,f,12,3.14,16,3.37
500,8,22,f,16,2.99,15,2.98
184,11,22,f,15,3.07,16,3.8
457,7,22,f,17,3.35,16,3.27
222,4,22,f,17,3.47,16,3.37
281,21,22,f,18,3.65,16,3.88
166,4,22,m,15,2.13,15,1.97
362,16,21,f,15,3.77,15,3.33
753,19,22,f,16,3.43,16,2.74
150,17,23,m,16,2.59,17,2.45
397,18,22,m,12,2.31,17,2.63
649,6,22,f,16,0.86,17,1.37
687,14,22,m,12,3.34,14,2.97
943,2,23,m,17,3.52,18,2.84
941,5,22,f,16,3.76,17,3.05
387,8,23,f,16,2.76,12,2.81
212,17,22,m,17,2.64,17,3.07
931,10,22,f,16,3.11,15,3.41
472,7,23,f,17,3.72,17,3.16
839,5,23,f,16,3.03,15,2.81
550,23,22,f,16,2.93,15,2.78
597,22,22,f,16,1.97,16,2.36
453,6,21,f,16,2.26,14,2.18
661,13,20,m,17,3.16,14,3.52
630,20,22,m,12,2.64,16,2.12
338,6,23,m,16,3.37,16,3.53
263,23,22,f,16,2.65,16,2.98
593,5,23,m,15,2.87,17,3.16
202,9,22,m,16,3.86,16,3.71
836,16,22,f,17,2.78,17,2.59
972,21,22,m,15,2.65,16,1.95
256,18,22,m,17,2.62,15,2.79
926,17,22,m,18,3.6,16,3.1
720,1,22,f,16,2.84,17,2.72
301,19,22,m,16,3.49,17,2.33
609,4,22,f,15,2.84,18,3.36
479,9,22,f,16,1.94,16,2.4
348,22,22,f,15,2.13,16,2.58
127,3,22,m,16,1.37,17,1.36
272,5,22,f,13,1.87,15,1.68
667,6,22,f,16,3.23,17,3.18
683,16,22,f,16,2.8,15,3.25
162,15,22,m,16,2.84,17,3.03
842,7,22,m,17,2.51,16,1.78
594,11,22,f,14,1.81,16,2.09
250,19,22,f,16,3.16,16,3.4
812,12,22,f,16,2.37,16,2.87
876,23,22,f,13,2.36,17,2.71
668,10,22,m,15,1.8,16,2
873,21,21,f,16,2.05,16,2.92
451,11,22,m,16,1.8,15,2.15
288,14,23,m,18,2.89,16,3.55
704,9,22,m,16,2.8,15,2.42
137,6,21,f,16,2.56,17,2.36
486,13,22,f,16,1.56,12,1.84
474,8,23,m,16,0.97,16,0.78
662,17,22,f,16,2.77,17,3.9
666,17,21,f,17,3.65,12,3.02
805,18,21,m,16,1.91,10,1.56
626,14,22,m,16,1.66,15,1.71
795,3,22,m,17,2.16,16,2.04
708,19,22,m,17,2.15,15,2.25
887,7,23,m,16,2.41,16,3.07
595,3,22,m,17,3.03,17,3.14
942,6,22,m,15,3.49,12,2.93
408,20,22,f,15,2.56,16,2.36
957,15,23,f,15,3.25,16,3.31
510,16,22,m,16,2.83,17,2.18
269,8,22,m,17,2.59,18,2.66
485,21,22,f,16,3.01,16,3.1
168,5,20,f,17,2.12,18,2.65
932,21,22,f,16,0.85,16,1
138,5,22,f,16,1.7,17,1.71
318,9,24,m,12,2.54,16,1.73
628,21,22,f,17,2.28,16,1.98
547,20,22,f,17,3.39,16,3.59
396,13,22,m,15,2.23,16,1.91
542,20,22,m,16,2.16,17,3.06
960,6,22,m,16,2.64,16,3
710,12,21,m,15,2.97,16,2.65
105,3,22,m,17,3.38,15,3.21
860,7,22,m,13,2.52,15,2.65
313,16,23,f,16,2.83,15,3.36
236,23,22,f,18,2.76,16,2.19
982,17,22,f,16,1.26,16,1.92
475,18,20,m,17,1.4,15,1.89
252,21,22,m,16,1.55,16,2.46
726,15,22,m,16,3.53,17,3.7
763,14,22,m,16,1.23,16,1.12
896,14,22,f,16,3.21,15,2.96
975,10,22,f,14,1.85,15,1.28
543,21,22,f,15,3.82,16,3.74
741,22,22,f,17,2.53,16,2
999,1,22,m,14,2.8,16,2.71
601,12,22,f,18,1.75,16,1.95
114,3,22,m,13,2.49,16,2.02
319,22,22,f,12,2.97,17,3.38
180,12,22,f,17,1.48,17,1.82
436,19,22,m,15,3.33,15,3.34
946,12,23,m,17,2.29,17,2.16
911,16,22,m,16,1.17,16,1.26
468,21,21,f,17,1.58,15,0.76
702,5,22,f,17,0.78,17,0.78
167,6,21,f,16,2.67,12,3.1
792,13,22,m,15,2.71,17,3.27
258,13,22,m,16,3.37,16,3.57
659,5,22,m,18,3.08,16,2.77
132,12,23,m,14,2.88,16,3.15
917,21,22,f,15,2.71,17,3.01
141,5,22,m,15,2.72,18,2.93
108,12,22,f,16,2.57,16,2.11
393,7,21,m,17,2.01,16,1.82
739,10,22,f,16,1.89,16,1.49
374,6,22,f,16,3.05,17,3.71
307,18,22,f,16,2.67,9,3.09
744,7,22,f,16,3.27,16,3.74
679,21,22,m,16,2.39,16,2.87
882,2,22,m,18,3.76,16,3.36
322,16,22,m,14,2.38,17,1.76
971,5,22,m,15,3.08,17,2.59
928,3,22,m,16,3.01,17,2.87
365,4,22,f,12,2.58,12,2.64
611,6,22,f,15,2.02,17,2.31
945,4,22,m,16,3.53,15,3.44
916,1,22,m,16,2.57,17,2.32
790,23,22,f,15,3.38,16,3.74
951,19,22,m,17,0.54,16,0.77
769,2,21,m,16,2.67,16,2.01
385,12,22,f,13,2.79,16,2.83
514,21,22,f,15,2.1,17,3.07
328,20,22,m,14,1.92,15,2.72
148,1,22,f,18,2.63,16,2.48
194,14,22,f,16,2.85,17,2.8
817,5,22,f,16,1.33,17,1.45
635,21,22,f,14,0.99,11,0.75
183,13,22,m,16,2.93,11,3.06
275,16,22,f,11,2,16,1.83
245,12,22,m,15,3.32,17,3.16
719,16,22,f,18,3.46,17,3.05
949,19,22,m,16,1.9,16,2.79
345,5,22,m,14,2.34,16,2.75
145,3,23,f,17,2.08,13,2.56
791,5,22,m,16,2.52,17,3.24
379,12,22,m,16,3.39,16,3.28
965,21,23,m,16,3.01,17,3.73
267,14,22,f,16,3.67,15,3.06
152,7,23,f,9,2,15,2.44
290,8,23,m,16,2.79,17,2.73
452,3,22,m,17,2.39,16,1.96
921,8,22,m,15,3.48,16,3.35
325,3,21,f,16,2.51,17,2.69
351,4,22,m,16,2.44,16,2.39
383,22,22,m,15,3.43,17,2.85
794,9,21,m,17,2.53,15,2.89
353,5,20,f,17,2.43,16,2.62
881,6,22,m,9,2.21,15,2.13
826,19,22,m,16,0.7,16,0.65
364,4,22,f,16,2.54,15,3.89
811,17,22,f,16,2.66,16,3
251,21,22,m,16,2.72,15,2.83
645,13,22,m,17,3.49,16,2.84
606,21,22,m,16,1.61,17,1.6
221,3,22,f,16,3.8,15,3.59
210,17,22,f,17,1.4,16,1.63
897,6,22,f,16,3.51,16,3.74
844,5,23,f,16,2.18,16,2.25
600,6,21,m,16,2.79,12,2.74
672,4,22,m,16,3.56,17,3.49
174,14,22,f,16,3.4,16,2.83
644,3,22,m,17,0.72,16,0.51
494,16,22,f,16,1.9,17,2.05
682,20,22,f,17,3.24,18,3.29
857,5,22,m,16,1.02,17,1.62
113,12,21,m,16,1.84,16,2.39
829,15,21,f,17,2.01,10,1.55
339,4,22,m,16,1.45,16,2.29
447,10,22,f,14,2.5,15,2.46
330,10,22,f,16,2.19,17,1.54
419,22,23,f,11,1.74,15,1.39
249,2,22,m,17,2.42,16,2.88
391,10,22,m,11,1.58,17,1.45
652,23,22,m,16,3.04,15,2.52
656,14,22,f,15,2.66,16,2.6
995,12,23,m,14,2.95,13,3.42
771,22,22,f,16,1.62,16,1.09
760,12,21,m,18,3.53,18,3.68
757,15,22,m,18,2.45,17,2.6
525,4,22,f,18,2.91,16,3.26
834,23,21,f,16,1.95,16,2.43
115,8,22,m,17,2,16,1.31
940,19,21,f,16,1.66,15,2.06
495,6,22,f,16,2.58,13,2.25
673,3,22,f,17,2.61,16,3.15
658,2,22,f,17,2.61,15,2.33
151,7,23,m,16,1.44,16,0.79
119,21,22,f,16,1.42,16,1.32
200,6,22,f,13,2.27,12,2.33
518,1,22,f,16,2.72,17,3.33
756,18,23,f,16,3.61,17,3.37
870,3,22,f,17,1.7,16,1.61
983,22,21,f,16,1.96,15,1.9
292,2,22,f,15,1.85,17,1.64
291,15,22,m,15,3.26,17,2.97
620,16,20,f,16,2.96,16,2.86
271,8,22,f,18,2.08,16,1.6
566,15,22,m,16,1.22,16,1.39
838,11,23,f,16,2.47,10,2.64
501,17,22,f,16,2.84,17,2.49
554,19,23,f,17,3.33,15,3.14
784,8,22,f,16,2.25,17,2.22
377,10,23,m,17,2.35,16,3.71
216,18,22,m,16,3.27,15,3.07
605,10,23,m,17,3.35,17,3.4
120,4,22,f,16,2.91,16,3.09
721,17,21,m,17,1.35,17,1.32
296,9,22,m,15,3.56,12,3.28
650,9,22,f,12,3.38,16,3.88
624,21,22,m,16,1.35,16,2.34
421,20,22,m,16,2.17,15,2.63
642,18,22,m,17,2.56,17,2.99
727,8,22,f,17,3.12,16,3.43
265,23,22,f,15,2.64,17,2.55
615,14,22,f,10,0.88,16,1.02
405,20,22,f,11,3.14,16,2.98
653,9,22,f,17,2.53,16,2.76
558,9,22,f,17,2.75,16,2.46
478,6,23,f,14,2.02,17,2.36
532,9,23,f,17,3.17,18,3.51
974,13,22,f,17,3.05,17,3.33
602,8,22,f,16,3.54,15,3.64
809,1,22,f,17,1.38,17,1.46
135,10,22,f,16,2.9,16,3.94
813,2,22,f,15,3.45,17,3.89
110,17,22,f,16,1.68,15,1.73
674,9,22,m,17,3.1,17,3.35
286,18,22,m,17,3.91,17,3.66
172,12,22,f,16,2.1,17,2.02
331,22,23,f,13,1.6,15,1.83
657,18,22,f,16,1.81,16,1.61
165,12,23,f,15,1.36,17,1.16
342,10,22,f,17,3.52,15,3.59
891,4,22,m,18,2.48,12,2.58
845,15,21,m,17,2.61,15,2.07
456,8,22,f,17,3.6,16,3.36
424,23,22,f,15,2.73,16,2.26
522,13,22,m,16,2.23,16,2.44
412,18,22,m,15,3.78,17,3.27
614,13,22,f,16,1.52,15,1.5
283,22,22,f,13,2.92,16,2.84
465,11,22,f,17,3.21,16,2.83
359,6,21,m,16,2.09,9,2.65
466,18,22,f,18,3.12,16,3.31
659,4,21,f,15,3.05,17,2.97
612,15,22,f,17,1.4,16,1.54
535,14,22,m,16,2.92,13,2.61
859,14,22,f,16,1.34,17,1.66
730,8,22,f,16,2.43,17,2.87
118,5,22,m,16,0.99,15,0.53
440,17,21,m,15,2.67,15,2.09
134,3,22,f,17,1.31,16,1.46
527,18,22,f,17,3.45,17,2.62
513,1,22,m,17,2.44,15,2.12
740,4,23,m,18,3.06,15,2.74
247,17,22,f,17,2.14,17,1.94
173,14,22,f,16,3.95,12,3.76
360,10,23,m,17,2.11,16,1.66
346,10,22,f,17,3.11,16,3.13
314,5,23,m,16,2.29,15,2.03
508,20,22,m,17,1.96,16,1.38
824,18,21,f,12,3.44,15,3.29
832,7,22,f,16,2.88,16,3.01
591,22,23,f,16,1.82,17,1.69
133,7,22,m,16,2.75,17,2.44
875,10,22,m,16,3.27,16,3.23
660,12,21,f,9,2.15,17,3.32
610,17,24,f,17,3.06,13,3.54
833,11,22,f,15,3.56,16,3.71
796,11,22,m,17,2.81,14,2.46
827,9,23,m,16,2.29,17,1.97
430,5,22,f,16,1.48,12,1.46
366,15,22,f,17,2.23,18,2.39
992,15,22,f,17,2.69,16,2.22
125,17,22,f,17,2.97,16,3.24
295,22,23,m,12,2.71,15,3.15
828,9,22,f,15,0.94,15,1.28
599,7,22,m,13,1.33,16,0.94
289,1,23,m,17,3.1,15,2.62
755,3,22,f,15,3.33,15,2.47
830,20,22,m,17,2.22,16,2.78
143,7,22,f,15,2.59,15,3.27
879,17,22,f,14,2.46,15,2.54
392,17,21,m,16,3.4,16,3.18
310,2,21,m,15,3.22,16,3.31
848,8,22,f,16,2.02,12,1.9
765,9,22,m,17,2.04,17,2.21
816,1,22,f,16,1.8,12,2.55
641,7,23,m,17,1.2,17,1.77
570,3,22,f,16,1.78,17,1.31
950,10,22,f,15,1.49,15,1.83
994,23,22,f,13,2.51,16,2.32
243,16,22,m,16,1.76,15,1.02
336,1,22,f,16,1.8,17,1.57
496,17,22,m,16,3.32,16,3
585,12,22,f,17,1.68,17,1.59
164,14,22,f,17,2.67,15,3.58
544,8,22,m,16,1.64,16,2.34
973,17,22,m,16,2.9,17,3.2
958,7,22,m,16,3.8,17,3.88
914,14,21,m,17,3.76,12,2.91
878,21,22,m,16,1.98,15,2.07
677,5,23,f,17,2.13,16,1.83
724,23,22,m,17,1.9,17,2.16
414,22,21,f,13,1.42,16,1.75
217,15,21,m,16,2.6,17,2.58
228,14,22,f,17,2.73,17,2.98
324,11,21,f,14,1.83,12,1.88
884,23,22,f,16,1.61,16,1.5
709,18,22,f,18,1.66,17,1.11
422,7,23,f,17,3.39,17,3.65
398,21,23,m,15,2.65,16,2.11
701,2,23,m,16,3.42,16,3.61
587,3,23,f,16,2.71,15,2.65
182,9,21,m,15,3.25,17,2.98
334,5,23,m,18,2.12,17,2.33
903,21,22,f,15,1.23,16,1.26
596,2,22,m,13,0.78,16,1.45
306,2,21,m,17,1.94,16,1.81
201,7,23,m,16,2.89,10,2.37
144,19,22,f,16,2.46,16,2.26
431,18,22,m,16,2.1,16,2.14
170,12,22,m,12,2.51,16,1.91
460,13,23,f,15,2.81,16,2.43
476,12,22,f,16,2.46,16,2.48
855,4,22,f,16,2.69,16,3.65
442,18,22,m,17,2.5,15,2.88
230,14,22,f,16,3.81,15,3.5
632,17,22,f,15,3.1,15,3.12
122,10,22,f,16,3,16,3.39
206,4,22,f,17,2.23,16,2.6
438,2,22,f,16,0.6,17,1.28
853,7,22,m,15,2.77,16,2.85
818,23,22,f,17,1.38,15,1.32
901,1,22,m,16,1.76,16,1.69
592,18,21,m,16,2.1,17,2.57
800,15,23,m,17,1.48,16,1.59
734,15,22,m,15,2.58,16,2.38
927,7,21,m,15,2.61,17,1.71
361,12,22,m,16,1,14,0.86
636,1,22,m,16,3.23,16,3.41
551,15,22,m,16,1.96,17,2.83
382,21,22,m,16,3.82,16,3.27
918,17,22,f,15,3.49,17,3.64
487,16,22,f,16,1.88,13,2.07
750,3,22,f,16,3.89,17,3.38
731,4,22,f,17,3.7,16,3.4
843,23,21,f,12,1.65,18,2.23
455,8,23,f,16,3.55,17,3.11
488,5,22,f,17,3.7,16,3.71
376,18,22,f,13,2.29,15,3.08
341,10,22,f,16,2.8,17,2.48
112,12,22,f,13,2.84,16,3.78
531,10,22,m,17,3.12,16,3.57
204,22,21,m,16,2.83,15,2.72
851,8,22,m,14,1.59,17,1.77
907,19,22,f,16,2.04,17,2.39
463,15,22,m,16,2.46,17,2.31
372,15,22,f,17,1.93,16,2.41
370,5,22,m,17,2.94,15,3.25
255,23,22,m,18,3.72,17,2.85
969,12,23,m,15,3.41,15,3.6
177,5,21,f,18,2.59,15,2.67
261,12,21,f,17,3.36,17,2.84
964,21,22,m,16,3.63,16,3.36
354,12,22,f,16,2.39,16,2.49
502,22,22,f,13,1.55,10,2.69
401,16,23,m,16,2.48,14,2.81
187,18,21,m,16,1.56,16,1.45
337,8,23,f,14,3,16,2.82
747,17,22,f,17,3.17,16,3.31
648,13,21,m,12,1.4,16,1.82
716,12,22,f,17,2.37,17,2.82
428,1,22,m,12,3.04,15,2.84
778,2,22,m,16,2.22,16,1.87
880,15,22,m,17,2.75,15,2.29
320,21,22,m,17,1.23,16,1.87
406,21,22,m,17,2.56,17,2.86
874,6,22,f,16,2.65,15,2.45
553,9,23,m,17,2.48,17,3.51
915,1,22,m,15,1.78,16,1.82
801,2,22,f,16,3.92,12,3.47
149,21,22,f,16,1.42,12,2.45
904,20,22,m,13,2.75,17,2.64
920,22,22,f,17,2.86,12,3.33
373,12,22,m,12,0.63,16,1.3
947,14,22,f,16,2.42,18,2.26
128,18,21,m,11,2.46,14,2.96
989,22,23,f,16,1.27,16,1.88
567,15,22,f,15,3.18,16,2.82
371,13,22,f,18,2.84,15,2.87
205,21,22,f,16,2.72,17,2.48
988,4,22,f,16,1.76,16,1.63
924,7,22,m,16,3.14,17,2.57
254,5,22,m,18,3.58,15,3.17
939,15,21,f,17,2.97,16,2.83
733,9,22,f,15,2.23,17,2.69
389,21,23,f,17,1.86,16,2.43
886,8,21,f,16,3.76,18,3.83
467,7,22,m,13,1.82,13,1.85
665,15,22,f,15,3.18,17,2.9
358,12,21,m,17,3.14,16,2.69
985,10,22,f,17,3.09,17,2.6
260,21,22,m,17,2.97,16,3.29
694,20,22,f,17,1.35,17,1.79
825,4,22,m,12,1.82,17,2.2
962,13,22,m,14,3.78,16,3.05
589,5,22,m,15,1.53,16,1.23
278,6,22,f,16,0.88,16,1.08
161,9,22,m,16,1.55,17,1.54
507,11,22,m,16,3.96,17,3.65
691,15,22,f,16,3.11,15,3.1
893,6,22,m,14,3.09,13,2.87
190,16,22,m,13,2.36,17,2.65
768,20,22,m,10,2.69,15,3.12
461,1,22,m,15,1.11,16,1.69
344,13,22,f,17,3.31,16,3.04
512,20,22,m,12,3.68,16,3.14
598,21,22,m,16,2.43,17,1.99
315,22,21,m,16,2.77,16,2.45
861,17,21,f,16,3.01,15,3
124,20,20,m,18,3.49,16,2.6
573,19,22,m,17,2.6,16,2.93
279,18,22,f,14,1.81,14,1.39
766,2,23,m,16,2.52,16,2.47
410,7,23,f,16,2.11,17,2.46
671,12,22,m,16,2.7,16,2.61
233,19,22,f,16,2.21,15,1.93
316,20,22,f,17,1.88,16,1.23
380,22,22,m,16,3.04,16,2.53
559,15,22,m,17,2.28,16,2.31
335,8,21,m,16,1.1,13,0.58
981,19,22,m,16,0.87,12,0.9
146,4,22,m,18,2.99,16,3.18
993,19,22,m,12,3.29,18,2.88
536,1,22,f,16,2.76,16,2.16
100,6,23,m,17,0.93,13,1.06
520,21,22,m,16,1.93,12,2.34
711,12,22,f,13,1,15,0.71
625,19,22,m,16,3.36,17,3.55
651,10,22,m,16,1.96,16,1.13
102,23,22,m,16,3.07,18,3.36
572,23,21,m,17,2.6,16,2
717,22,21,f,17,3.48,17,2.56
786,14,22,m,16,0.67,16,0.54
930,17,20,f,16,1.09,16,1.71
509,11,22,f,16,2.48,16,2.6
681,13,22,f,17,3.96,18,3.31
458,15,22,f,17,3.95,17,3.92
643,12,22,f,12,2.78,16,2.64
199,5,23,m,17,2.76,15,3.19
287,18,22,m,17,2.78,12,2.78
715,15,22,m,14,2.52,18,2.5
889,14,22,m,18,3.25,16,3.27
333,3,22,m,17,3.03,15,2.73
952,17,22,m,15,2.39,17,1.6
885,1,22,m,16,3.54,16,3.41
355,14,22,f,16,2.39,16,2.8
850,15,24,m,17,2.36,17,2.73
925,12,22,m,15,3.17,15,2.02
499,16,22,f,11,2.38,13,2.94
865,23,22,f,16,3.1,17,3.31
872,16,22,f,17,2.56,16,2.31
883,21,22,f,15,3.63,15,3.33
352,22,22,m,17,3.97,17,3.98
434,12,22,m,15,1.48,13,1.71
696,20,22,f,17,1.4,17,1.89
121,8,22,m,16,3.35,9,3.49
849,10,22,f,13,3.57,16,3.47
163,20,22,f,15,3.77,17,3.65
688,5,22,m,17,3.85,12,3.79
363,13,22,f,10,2.69,18,2.1
742,5,22,m,16,3.17,16,3.54
311,11,21,m,16,2,16,2.54
541,4,22,f,17,2.85,14,3.5
556,19,22,m,16,3.47,16,3.37
770,11,22,m,16,1.69,17,1.31
175,21,23,m,16,3.23,17,3.17
109,21,22,m,16,2.54,17,2.44
563,20,23,f,15,1.97,16,1.78
489,3,22,f,16,3.07,15,3.22
420,14,22,f,15,0.92,16,0.95
367,16,22,f,15,2.76,15,2.37
723,14,22,m,16,2.25,16,2.32
426,12,22,m,17,2.68,16,2.72
394,3,22,f,16,1.74,15,1.59
103,16,21,m,16,1.67,16,2.46
477,9,22,f,13,1.21,16,2.03
416,12,22,f,16,2.28,17,2.6
564,13,22,f,17,2.62,16,2.29
580,16,22,f,17,2.58,15,1.96
241,13,22,m,16,3.46,15,3.24
378,19,22,m,15,0.87,9,0.82
242,23,22,m,16,0.96,15,1.28
294,16,23,m,15,1.66,16,2.67
577,11,22,f,16,1.7,17,2.55
548,4,21,f,15,2.96,15,2.7
483,10,23,m,13,2.47,16,2.45
273,23,23,f,18,1.69,18,1.86
